id;fecha_emison;fecha_cita;descripcion
1;2022-01-31T00:59:21;2022-01-30T17:34:56;Castilla-La Bebes
2;2022-01-30T14:08:23;2022-01-31T07:30:03;Ensalada
3;2022-01-31T02:52:32;2022-01-30T15:15:30;Suecia
4;2022-01-30T16:01:53;2022-01-31T00:33:17;Mejorado Sopa
5;2022-01-31T04:50:34;2022-01-31T00:08:31;soluciones Inteligente Municipio
6;2022-01-31T07:48:06;2022-01-30T19:01:44;Ouguiya Amarillo Municipio
7;2022-01-31T10:11:40;2022-01-31T10:01:40;index Canarias
8;2022-01-30T14:32:09;2022-01-31T11:29:52;invoice open-source Negro
9;2022-01-31T01:19:38;2022-01-30T13:59:00;revolutionize
10;2022-01-30T15:55:26;2022-01-30T23:58:58;Comunidad
